Designator,Footprint,Quantity,Value,LCSC Part #
"C1, C10, C12, C14, C16, C18, C20, C6, C8",C_Disc_D3.8mm_W2.6mm_P2.50mm,9,1nF,
"C11, C13, C15, C17, C19, C2, C5, C7, C9",C_Disc_D3.8mm_W2.6mm_P2.50mm,9,100pF,
"C21, C22",C_0805_2012Metric_Pad1.18x1.45mm_HandSolder,2,100nF,
"C23, C24",C_0805_2012Metric_Pad1.18x1.45mm_HandSolder,2,10uF,
"C3, C4",C_Disc_D3.8mm_W2.6mm_P2.50mm,2,22pf,
"D1, D10, D11, D12, D2, D3, D4, D5, D6, D7, D8, D9",LED_D5.0mm,12,LED,
D13,LED_D5.0mm,1,Controll LED 1,
D14,LED_D5.0mm,1,Controll LED 2,
D15,LED_0805_2012Metric_Pad1.15x1.40mm_HandSolder,1,RX_Led Blue,
D16,LED_0805_2012Metric_Pad1.15x1.40mm_HandSolder,1,TX_Led Green,
D17,D_SOD-123,1,MBR130HW,
D18,LED_0805_2012Metric_Pad1.15x1.40mm_HandSolder,1,PWR_Led,
"H1, H2, H3, H4, H5, H6",MountingHole_3.2mm_M3_DIN965_Pad,6,MountingHole_Pad,
J1,IDC-Header_2x03_P2.54mm_Vertical,1,ISP-Port,
J10,BarrelJack_Horizontal,1,Barrel_Jack_Switch,
J11,"TerminalBlock_Phoenix_PT-1,5-2-3.5-H_1x02_P3.50mm_Horizontal",1,Screw_Terminal_01x02,
J12,PinHeader_1x07_P2.54mm_Vertical,1,Conn_01x07_Male,
J13,PinHeader_1x06_P2.54mm_Vertical,1,Phase_Bitshifter,
J14,PinHeader_1x04_P2.54mm_Vertical,1,Phase_Button_Decoder,
J15,USB_B_OST_USB-B1HSxx_Horizontal,1,USB_B,
J2,PinHeader_1x04_P2.54mm_Vertical,1,Serial Out,
J3,PinHeader_1x03_P2.54mm_Vertical,1,1st Bit_shifter,
J4,PinHeader_1x10_P2.54mm_Vertical,1,1st 7 Segment,
J5,PinHeader_1x03_P2.54mm_Vertical,1,2nd Bit_shifter,
J6,PinHeader_1x10_P2.54mm_Vertical,1,2nd 7 Segment,
J7,PinHeader_1x04_P2.54mm_Vertical,1,decoder_input,
J8,PinHeader_1x04_P2.54mm_Vertical,1,disp_1_decoder,
J9,PinHeader_1x04_P2.54mm_Vertical,1,disp_2_decoder,
"Q1, Q2, Q3, Q4, Q5, Q6, Q7, Q8",TO-92_Inline_Wide,8,Q_NPN_CBE,
"R1, R28, R29, R30, R31, R32, R33, R34, R35, R36, R37, R38, R39, R40, R41, R42, R43, R56, R57, R58, R59, R60, R61, R62, R63",R_Axial_DIN0207_L6.3mm_D2.5mm_P10.16mm_Horizontal,25,10k,
"R10, R11, R12, R13, R14, R15, R16, R17, R18, R19, R4, R5, R6, R7, R8, R9",R_Axial_DIN0207_L6.3mm_D2.5mm_P10.16mm_Horizontal,16,100R,
"R2, R3",R_Axial_DIN0207_L6.3mm_D2.5mm_P10.16mm_Horizontal,2,1k,
"R20, R21, R22, R23, R24, R25, R26, R27",R_Axial_DIN0207_L6.3mm_D2.5mm_P10.16mm_Horizontal,8,4.7k,
"R44, R45, R46, R47, R48, R49, R50, R51, R52, R53, R54, R55, R64, R65",R_Axial_DIN0207_L6.3mm_D2.5mm_P10.16mm_Horizontal,14,90R,
"R66, R67, R68",R_0805_2012Metric_Pad1.20x1.40mm_HandSolder,3,1k,
"SW1, SW17, SW25, SW9",SW_PUSH_6mm_H5mm,4,Random,
"SW10, SW18, SW2",SW_PUSH_6mm_H5mm,3,Reset,
"SW11, SW19, SW3",SW_PUSH_6mm_H5mm,3,+1,
"SW12, SW20, SW4",SW_PUSH_6mm_H5mm,3,+10,
"SW13, SW21, SW5",SW_PUSH_6mm_H5mm,3,-10,
"SW14, SW22, SW6",SW_PUSH_6mm_H5mm,3,-1,
"SW15, SW23, SW7",SW_PUSH_6mm_H5mm,3,x2,
"SW16, SW24, SW8",SW_PUSH_6mm_H5mm,3,/2,
U1,DIP-40_W15.24mm_LongPads,1,ATmega32A-P,
"U10, U2, U3, U9",DIP-16_W7.62mm_LongPads,4,74HC595,
"U11, U7, U8",DIP-16_W7.62mm_LongPads,3,74HC165,
U12,SSOP-28_5.3x10.2mm_P0.65mm,1,FT232RL,
U13,SOT-223-3_TabPin2,1,NCP1117-5.0_SOT223,
U4,DIP-16_W7.62mm_LongPads,1,4028,
"U5, U6",CA56-12SURKWA,2,CC56-12SURKWA,
Y1,Crystal_HC49-4H_Vertical,1,Crystal,
